"id","name","email","registered_at"
"user_1","井上 凛","ssshmw25@gmail.com","2025-04-18T17:45:54.833Z"
"user_2","渡辺 和彦","nhwfju_kgn10@gmail.com","2025-08-16T19:43:16.605Z"
"user_3","渡辺 大介","9ni9md_i9dn5c85@hotmail.com","2025-05-06T20:51:39.012Z"
"user_4","井上 翔太","hlzp9081@gmail.com","2025-01-26T18:59:46.631Z"
"user_5","清水 修","s9p_lr5se2@hotmail.com","2025-05-08T16:01:30.878Z"
"user_6","小林 直樹","tq5glt_kgn@gmail.com","2025-01-04T01:26:48.356Z"
"user_7","山田 陽翔","k1zi1c1@hotmail.com","2025-03-30T05:49:20.360Z"
"user_8","木村 菜々子","she_i9dkdo94@gmail.com","2025-08-15T21:43:30.836Z"
"user_9","高橋 亮太","hlzrsk.ffxkep94@hotmail.com","2024-12-30T07:16:20.646Z"
"user_10","佐藤 心春","lsa_ffxkep@hotmail.com","2025-10-03T22:10:50.058Z"